Parameter,Value,Value_after_single_Param_Optimization,Improvement_of_Deviation,Min_Bound,Max_Bound
V203.dp_nominal,20.0,0.012595924,0.6510210979688306,17.0,23.0
tank_B201.crossArea,0.01431355,0.0124796116170585,0.1278291746760702,0.01,0.02
tank_B203.height,0.22,0.2365,0.1230727813301561,0.187,0.253
V201.dp_nominal,20.0,0.012595924,0.1230727813301561,17.0,23.0
V202.dp_nominal,20.0,0.012595924,0.1229856347638695,17.0,23.0
V204.dp_nominal,20.0,0.012595924,0.1229806308186156,17.0,23.0
tank_B201.height,0.22,0.012595924,0.0698797596497152,0.187,0.253
tank_B202.crossArea,0.01431355,0.012595924,0.0698797596497152,0.0121665175,0.0164605825
tank_B202.height,0.22,0.012595924,0.0630211736104679,0.187,0.253
tank_B203.crossArea,0.01431355,0.012595924,0.0630211736104679,0.0121665175,0.0164605825
